Workbook

Sheet 2026 Mood
A1: 2026 mood
A3: January | J3: February | S3: March | AB3: April | AN3: Mood Legend
A4: Su | B4: Mo | C4: Tu | D4: We | E4: Th | F4: Fr | G4: Sa | J4: Su | K4: Mo | L4: Tu | M4: We | N4: Th | O4: Fr | P4: Sa | S4: Su | T4: Mo | U4: Tu | V4: We | W4: Th | X4: Fr | Y4: Sa | AB4: Su | AC4: Mo | AD4: Tu | AE4: We | AF4: Th | AG4: Fr | AH4: Sa | AO4: top | AP4: Best mood
E5: 1 | F5: 2 | G5: 3 | J5: 1 | K5: 2 | L5: 3 | M5: 4 | N5: 5 | O5: 6 | P5: 7 | S5: 1 | T5: 2 | U5: 3 | V5: 4 | W5: 5 | X5: 6 | Y5: 7 | AE5: 1 | AF5: 2 | AG5: 3 | AH5: 4 | AO5: up | AP5: Good mood
A6: 4 | B6: 5 | C6: 6 | D6: 7 | E6: 8 | F6: 9 | G6: 10 | J6: 8 | K6: 9 | L6: 10 | M6: 11 | N6: 12 | O6: 13 | P6: 14 | S6: 8 | T6: 9 | U6: 10 | V6: 11 | W6: 12 | X6: 13 | Y6: 14 | AB6: 5 | AC6: 6 | AD6: 7 | AE6: 8 | AF6: 9 | AG6: 10 | AH6: 11 | AO6: tranquil | AP6: Calm/Neutral
A7: 11 | B7: 12 | C7: 13 | D7: 14 | E7: 15 | F7: 16 | G7: 17 | J7: 15 | K7: 16 | L7: 17 | M7: 18 | N7: 19 | O7: 20 | P7: 21 | S7: 15 | T7: 16 | U7: 17 | V7: 18 | W7: 19 | X7: 20 | Y7: 21 | AB7: 12 | AC7: 13 | AD7: 14 | AE7: 15 | AF7: 16 | AG7: 17 | AH7: 18 | AO7: empty | AP7: No entry
A8: 18 | B8: 19 | C8: 20 | D8: 21 | E8: 22 | F8: 23 | G8: 24 | J8: 22 | K8: 23 | L8: 24 | M8: 25 | N8: 26 | O8: 27 | P8: 28 | S8: 22 | T8: 23 | U8: 24 | V8: 25 | W8: 26 | X8: 27 | Y8: 28 | AB8: 19 | AC8: 20 | AD8: 21 | AE8: 22 | AF8: 23 | AG8: 24 | AH8: 25 | AO8: down | AP8: Bad mood
A9: 25 | B9: 26 | C9: 27 | D9: 28 | E9: 29 | F9: 30 | G9: 31 | S9: 29 | T9: 30 | U9: 31 | AB9: 26 | AC9: 27 | AD9: 28 | AE9: 29 | AF9: 30
AN10: Monthly Mood Statistics
AN11: Mood | AO11: jan | AP11: feb | AQ11: mar | AR11: apr | AS11: may | AT11: jun | AU11: jul | AV11: aug | AW11: sep | AX11: oct | AY11: nov | AZ11: dec
AN12: top | AO12: 0 | AP12: 0 | AQ12: 0 | AR12: 0 | AS12: 0 | AT12: 0 | AU12: 0 | AV12: 0 | AW12: 0 | AX12: 0 | AY12: 0 | AZ12: 0
A13: May | J13: June | S13: July | AB13: August | AN13: up | AO13: 18 | AP13: 0 | AQ13: 0 | AR13: 0 | AS13: 0 | AT13: 0 | AU13: 0 | AV13: 0 | AW13: 0 | AX13: 0 | AY13: 0 | AZ13: 0
A14: Su | B14: Mo | C14: Tu | D14: We | E14: Th | F14: Fr | G14: Sa | J14: Su | K14: Mo | L14: Tu | M14: We | N14: Th | O14: Fr | P14: Sa | S14: Su | T14: Mo | U14: Tu | V14: We | W14: Th | X14: Fr | Y14: Sa | AB14: Su | AC14: Mo | AD14: Tu | AE14: We | AF14: Th | AG14: Fr | AH14: Sa | AN14: tranquil | AO14: 336 | AP14: 2 | AQ14: 1 | AR14: 0 | AS14: 1 | AT14: 0 | AU14: 0 | AV14: 0 | AW14: 1 | AX14: 0 | AY14: 0 | AZ14: 0
F15: 1 | G15: 2 | K15: 1 | L15: 2 | M15: 3 | N15: 4 | O15: 5 | P15: 6 | V15: 1 | W15: 2 | X15: 3 | Y15: 4 | AH15: 1 | AN15: empty | AO15: 0 | AP15: 0 | AQ15: 0 | AR15: 0 | AS15: 0 | AT15: 0 | AU15: 0 | AV15: 0 | AW15: 0 | AX15: 0 | AY15: 0 | AZ15: 0
A16: 3 | B16: 4 | C16: 5 | D16: 6 | E16: 7 | F16: 8 | G16: 9 | J16: 7 | K16: 8 | L16: 9 | M16: 10 | N16: 11 | O16: 12 | P16: 13 | S16: 5 | T16: 6 | U16: 7 | V16: 8 | W16: 9 | X16: 10 | Y16: 11 | AB16: 2 | AC16: 3 | AD16: 4 | AE16: 5 | AF16: 6 | AG16: 7 | AH16: 8 | AN16: down | AO16: 1 | AP16: 0 | AQ16: 0 | AR16: 0 | AS16: 0 | AT16: 0 | AU16: 0 | AV16: 0 | AW16: 0 | AX16: 0 | AY16: 0 | AZ16: 0
A17: 10 | B17: 11 | C17: 12 | D17: 13 | E17: 14 | F17: 15 | G17: 16 | J17: 14 | K17: 15 | L17: 16 | M17: 17 | N17: 18 | O17: 19 | P17: 20 | S17: 12 | T17: 13 | U17: 14 | V17: 15 | W17: 16 | X17: 17 | Y17: 18 | AB17: 9 | AC17: 10 | AD17: 11 | AE17: 12 | AF17: 13 | AG17: 14 | AH17: 15
A18: 17 | B18: 18 | C18: 19 | D18: 20 | E18: 21 | F18: 22 | G18: 23 | J18: 21 | K18: 22 | L18: 23 | M18: 24 | N18: 25 | O18: 26 | P18: 27 | S18: 19 | T18: 20 | U18: 21 | V18: 22 | W18: 23 | X18: 24 | Y18: 25 | AB18: 16 | AC18: 17 | AD18: 18 | AE18: 19 | AF18: 20 | AG18: 21 | AH18: 22
A19: 24 | B19: 25 | C19: 26 | D19: 27 | E19: 28 | F19: 29 | G19: 30 | J19: 28 | K19: 29 | L19: 30 | S19: 26 | T19: 27 | U19: 28 | V19: 29 | W19: 30 | X19: 31 | AB19: 23 | AC19: 24 | AD19: 25 | AE19: 26 | AF19: 27 | AG19: 28 | AH19: 29
A20: 31 | AB20: 30 | AC20: 31
A23: September | J23: October | S23: November | AB23: December
A24: Su | B24: Mo | C24: Tu | D24: We | E24: Th | F24: Fr | G24: Sa | J24: Su | K24: Mo | L24: Tu | M24: We | N24: Th | O24: Fr | P24: Sa | S24: Su | T24: Mo | U24: Tu | V24: We | W24: Th | X24: Fr | Y24: Sa | AB24: Su | AC24: Mo | AD24: Tu | AE24: We | AF24: Th | AG24: Fr | AH24: Sa
C25: 1 | D25: 2 | E25: 3 | F25: 4 | G25: 5 | N25: 1 | O25: 2 | P25: 3 | S25: 1 | T25: 2 | U25: 3 | V25: 4 | W25: 5 | X25: 6 | Y25: 7 | AD25: 1 | AE25: 2 | AF25: 3 | AG25: 4 | AH25: 5
A26: 6 | B26: 7 | C26: 8 | D26: 9 | E26: 10 | F26: 11 | G26: 12 | J26: 4 | K26: 5 | L26: 6 | M26: 7 | N26: 8 | O26: 9 | P26: 10 | S26: 8 | T26: 9 | U26: 10 | V26: 11 | W26: 12 | X26: 13 | Y26: 14 | AB26: 6 | AC26: 7 | AD26: 8 | AE26: 9 | AF26: 10 | AG26: 11 | AH26: 12
A27: 13 | B27: 14 | C27: 15 | D27: 16 | E27: 17 | F27: 18 | G27: 19 | J27: 11 | K27: 12 | L27: 13 | M27: 14 | N27: 15 | O27: 16 | P27: 17 | S27: 15 | T27: 16 | U27: 17 | V27: 18 | W27: 19 | X27: 20 | Y27: 21 | AB27: 13 | AC27: 14 | AD27: 15 | AE27: 16 | AF27: 17 | AG27: 18 | AH27: 19
A28: 20 | B28: 21 | C28: 22 | D28: 23 | E28: 24 | F28: 25 | G28: 26 | J28: 18 | K28: 19 | L28: 20 | M28: 21 | N28: 22 | O28: 23 | P28: 24 | S28: 22 | T28: 23 | U28: 24 | V28: 25 | W28: 26 | X28: 27 | Y28: 28 | AB28: 20 | AC28: 21 | AD28: 22 | AE28: 23 | AF28: 24 | AG28: 25 | AH28: 26
A29: 27 | B29: 28 | C29: 29 | D29: 30 | J29: 25 | K29: 26 | L29: 27 | M29: 28 | N29: 29 | O29: 30 | P29: 31 | S29: 29 | T29: 30 | AB29: 27 | AC29: 28 | AD29: 29 | AE29: 30 | AF29: 31

Sheet Mood Data
A1: Date | B1: Mood | C1: Mood Value | D1: Notes
A2: 46023 | B2: tranquil | C2: =IF(B2="top",5,IF(B2="up",4,IF(B2="tranquil",3,IF(B2="empty",2,IF(B2="down",1,0)))))
A3: 46024 | B3: tranquil | C3: =IF(B3="top",5,IF(B3="up",4,IF(B3="tranquil",3,IF(B3="empty",2,IF(B3="down",1,0)))))
A4: 46025 | B4: tranquil | C4: =IF(B4="top",5,IF(B4="up",4,IF(B4="tranquil",3,IF(B4="empty",2,IF(B4="down",1,0)))))
A5: 46026 | B5: tranquil | C5: =IF(B5="top",5,IF(B5="up",4,IF(B5="tranquil",3,IF(B5="empty",2,IF(B5="down",1,0)))))
A6: 46027 | B6: tranquil | C6: =IF(B6="top",5,IF(B6="up",4,IF(B6="tranquil",3,IF(B6="empty",2,IF(B6="down",1,0)))))
A7: 46028 | B7: tranquil | C7: =IF(B7="top",5,IF(B7="up",4,IF(B7="tranquil",3,IF(B7="empty",2,IF(B7="down",1,0)))))
A8: 46029 | B8: tranquil | C8: =IF(B8="top",5,IF(B8="up",4,IF(B8="tranquil",3,IF(B8="empty",2,IF(B8="down",1,0)))))
A9: 46030 | B9: tranquil | C9: =IF(B9="top",5,IF(B9="up",4,IF(B9="tranquil",3,IF(B9="empty",2,IF(B9="down",1,0)))))
A10: 46031 | B10: tranquil | C10: =IF(B10="top",5,IF(B10="up",4,IF(B10="tranquil",3,IF(B10="empty",2,IF(B10="down",1,0)))))
A11: 46032 | B11: tranquil | C11: =IF(B11="top",5,IF(B11="up",4,IF(B11="tranquil",3,IF(B11="empty",2,IF(B11="down",1,0)))))
A12: 46033 | B12: tranquil | C12: =IF(B12="top",5,IF(B12="up",4,IF(B12="tranquil",3,IF(B12="empty",2,IF(B12="down",1,0)))))
A13: 46034 | B13: tranquil | C13: =IF(B13="top",5,IF(B13="up",4,IF(B13="tranquil",3,IF(B13="empty",2,IF(B13="down",1,0)))))
... A366: 46387 | B366: tranquil | C366: =IF(B366="top",5,IF(B366="up",4,IF(B366="tranquil",3,IF(B366="empty",2,IF(B366="down",1,0)))))

Sheet Summary
A1: My 2026 Mood Summary
A3: Month | B3: Top | C3: Up | D3: Tranquil | E3: Empty | F3: Down | G3: Total Days | H3: Avg Score
A4: Jan | B4: =COUNTIF('Mood Data'!B2:B32,"top") | C4: =COUNTIF('Mood Data'!B2:B32,"up") | D4: =COUNTIF('Mood Data'!B2:B32,"tranquil") | E4: =COUNTIF('Mood Data'!B2:B32,"empty") | F4: =COUNTIF('Mood Data'!B2:B32,"down") | G4: 31 | H4: =AVERAGE('Mood Data'!C2:C32)
A5: Feb | B5: =COUNTIF('Mood Data'!B33:B60,"top") | C5: =COUNTIF('Mood Data'!B33:B60,"up") | D5: =COUNTIF('Mood Data'!B33:B60,"tranquil") | E5: =COUNTIF('Mood Data'!B33:B60,"empty") | F5: =COUNTIF('Mood Data'!B33:B60,"down") | G5: 28 | H5: =AVERAGE('Mood Data'!C33:C60)
A6: Mar | B6: =COUNTIF('Mood Data'!B61:B91,"top") | C6: =COUNTIF('Mood Data'!B61:B91,"up") | D6: =COUNTIF('Mood Data'!B61:B91,"tranquil") | E6: =COUNTIF('Mood Data'!B61:B91,"empty") | F6: =COUNTIF('Mood Data'!B61:B91,"down") | G6: 31 | H6: =AVERAGE('Mood Data'!C61:C91)
A7: Apr | B7: =COUNTIF('Mood Data'!B92:B121,"top") | C7: =COUNTIF('Mood Data'!B92:B121,"up") | D7: =COUNTIF('Mood Data'!B92:B121,"tranquil") | E7: =COUNTIF('Mood Data'!B92:B121,"empty") | F7: =COUNTIF('Mood Data'!B92:B121,"down") | G7: 30 | H7: =AVERAGE('Mood Data'!C92:C121)
A8: May | B8: =COUNTIF('Mood Data'!B122:B152,"top") | C8: =COUNTIF('Mood Data'!B122:B152,"up") | D8: =COUNTIF('Mood Data'!B122:B152,"tranquil") | E8: =COUNTIF('Mood Data'!B122:B152,"empty") | F8: =COUNTIF('Mood Data'!B122:B152,"down") | G8: 31 | H8: =AVERAGE('Mood Data'!C122:C152)
A9: Jun | B9: =COUNTIF('Mood Data'!B153:B182,"top") | C9: =COUNTIF('Mood Data'!B153:B182,"up") | D9: =COUNTIF('Mood Data'!B153:B182,"tranquil") | E9: =COUNTIF('Mood Data'!B153:B182,"empty") | F9: =COUNTIF('Mood Data'!B153:B182,"down") | G9: 30 | H9: =AVERAGE('Mood Data'!C153:C182)
A10: Jul | B10: =COUNTIF('Mood Data'!B183:B213,"top") | C10: =COUNTIF('Mood Data'!B183:B213,"up") | D10: =COUNTIF('Mood Data'!B183:B213,"tranquil") | E10: =COUNTIF('Mood Data'!B183:B213,"empty") | F10: =COUNTIF('Mood Data'!B183:B213,"down") | G10: 31 | H10: =AVERAGE('Mood Data'!C183:C213)
A11: Aug | B11: =COUNTIF('Mood Data'!B214:B244,"top") | C11: =COUNTIF('Mood Data'!B214:B244,"up") | D11: =COUNTIF('Mood Data'!B214:B244,"tranquil") | E11: =COUNTIF('Mood Data'!B214:B244,"empty") | F11: =COUNTIF('Mood Data'!B214:B244,"down") | G11: 31 | H11: =AVERAGE('Mood Data'!C214:C244)
A12: Sep | B12: =COUNTIF('Mood Data'!B245:B274,"top") | C12: =COUNTIF('Mood Data'!B245:B274,"up") | D12: =COUNTIF('Mood Data'!B245:B274,"tranquil") | E12: =COUNTIF('Mood Data'!B245:B274,"empty") | F12: =COUNTIF('Mood Data'!B245:B274,"down") | G12: 30 | H12: =AVERAGE('Mood Data'!C245:C274)
A13: Oct | B13: =COUNTIF('Mood Data'!B275:B305,"top") | C13: =COUNTIF('Mood Data'!B275:B305,"up") | D13: =COUNTIF('Mood Data'!B275:B305,"tranquil") | E13: =COUNTIF('Mood Data'!B275:B305,"empty") | F13: =COUNTIF('Mood Data'!B275:B305,"down") | G13: 31 | H13: =AVERAGE('Mood Data'!C275:C305)
A14: Nov | B14: =COUNTIF('Mood Data'!B306:B335,"top") | C14: =COUNTIF('Mood Data'!B306:B335,"up") | D14: =COUNTIF('Mood Data'!B306:B335,"tranquil") | E14: =COUNTIF('Mood Data'!B306:B335,"empty") | F14: =COUNTIF('Mood Data'!B306:B335,"down") | G14: 30 | H14: =AVERAGE('Mood Data'!C306:C335)
A15: Dec | B15: =COUNTIF('Mood Data'!B336:B366,"top") | C15: =COUNTIF('Mood Data'!B336:B366,"up") | D15: =COUNTIF('Mood Data'!B336:B366,"tranquil") | E15: =COUNTIF('Mood Data'!B336:B366,"empty") | F15: =COUNTIF('Mood Data'!B336:B366,"down") | G15: 31 | H15: =AVERAGE('Mood Data'!C336:C366)
A16: Total | B16: =SUM(B4:B15) | C16: =SUM(C4:C15) | D16: =SUM(D4:D15) | E16: =SUM(E4:E15) | F16: =SUM(F4:F15) | G16: =SUM(G4:G15) | H16: =AVERAGE(H4:H15)

Sheet Instructions
A1: Hướng dẫn sử dụng - Mood Tracker 2026
A4: Cách sử dụng:
A5: 1. Mở sheet "Mood Data" để nhập tâm trạng hàng ngày
A6: 2. Chọn mood từ dropdown list: top, up, tranquil, empty, down
A7: 3. Xem thống kê tại sheet "Summary"
A8: 4. Lịch tổng quan tại sheet "2026 Mood"
A10: Ý nghĩa các mood:
A11: • top (hồng) - Tâm trạng tuyệt vời nhất
A12: • up (cam) - Tâm trạng tốt
A13: • tranquil (xanh cyan) - Bình thản, trung lập
A14: • empty (xám) - Không ghi nhận
A15: • down (xanh dương) - Tâm trạng không tốt
... A22: • down = 1 điểm
